{"0": {"spt": {"weight": 1559, "depth": 171, "valid": true, "epsilon": 1.4666039510818438}, "mst": {"weight": 1040, "depth": 233, "valid": false, "epsilon": 0.9783631232361242}, "mst_rp": {"weight": 1040, "depth": 233, "valid": false, "epsilon": 0.9783631232361242}, "mst_rpe": {"weight": 1047, "depth": 255, "valid": false, "epsilon": 0.9849482596425212}, "mst_rpsp": {"weight": 1041, "depth": 227, "valid": false, "epsilon": 0.9793038570084666}, "mst_rpc": {"weight": 1040, "depth": 233, "valid": false, "epsilon": 0.9783631232361242}, "mst_rpg": {"weight": 1048, "depth": 265, "valid": false, "epsilon": 0.9858889934148636}, "mst_rpeg": {"weight": 1049, "depth": 251, "valid": false, "epsilon": 0.9868297271872061}, "mst_rpspg": {"weight": 1041, "depth": 227, "valid": false, "epsilon": 0.9793038570084666}, "mst_rpcg": {"weight": 1040, "depth": 233, "valid": false, "epsilon": 0.9783631232361242}, "primc": {"weight": 1133, "depth": 195, "valid": true, "epsilon": 1.06585136406397}, "primpred": {"weight": 1133, "depth": 195, "valid": true, "epsilon": 1.06585136406397}, "revdelpr": {"weight": 1063, "depth": 186, "valid": true, "epsilon": 1.0}, "best_weight": 1063, "c": 196, "root": 0}, "1": {"spt": {"weight": 15865, "depth": 1269, "valid": true, "epsilon": 1.3769310883527166}, "mst": {"weight": 11522, "depth": 3491, "valid": false, "epsilon": 1.0}, "mst_rp": {"weight": 11543, "depth": 3116, "valid": true, "epsilon": 1.0018226002430133}, "mst_rpe": {"weight": 11543, "depth": 3116, "valid": true, "epsilon": 1.0018226002430133}, "mst_rpsp": {"weight": 11543, "depth": 3116, "valid": true, "epsilon": 1.0018226002430133}, "mst_rpc": {"weight": 11543, "depth": 3116, "valid": true, "epsilon": 1.0018226002430133}, "mst_rpg": {"weight": 11543, "depth": 3116, "valid": true, "epsilon": 1.0018226002430133}, "mst_rpeg": {"weight": 11543, "depth": 3116, "valid": true, "epsilon": 1.0018226002430133}, "mst_rpspg": {"weight": 11543, "depth": 3116, "valid": true, "epsilon": 1.0018226002430133}, "mst_rpcg": {"weight": 11543, "depth": 3116, "valid": true, "epsilon": 1.0018226002430133}, "primc": {"weight": 11743, "depth": 3263, "valid": true, "epsilon": 1.0191806977955216}, "primpred": {"weight": 11743, "depth": 3263, "valid": true, "epsilon": 1.0191806977955216}, "revdelpr": {"weight": 11522, "depth": 2323, "valid": true, "epsilon": 1.0}, "best_weight": 11522, "c": 3384, "root": 0}, "2": {"spt": {"weight": 6269, "depth": 1253, "valid": true, "epsilon": 1.5249331063001703}, "mst": {"weight": 4072, "depth": 2585, "valid": false, "epsilon": 0.9905132571150571}, "mst_rp": {"weight": 4072, "depth": 2585, "valid": false, "epsilon": 0.9905132571150571}, "mst_rpe": {"weight": 4107, "depth": 2827, "valid": false, "epsilon": 0.9990270007297495}, "mst_rpsp": {"weight": 4097, "depth": 1989, "valid": false, "epsilon": 0.9965945025541231}, "mst_rpc": {"weight": 4072, "depth": 2585, "valid": false, "epsilon": 0.9905132571150571}, "mst_rpg": {"weight": 4072, "depth": 2585, "valid": false, "epsilon": 0.9905132571150571}, "mst_rpeg": {"weight": 4107, "depth": 2827, "valid": false, "epsilon": 0.9990270007297495}, "mst_rpspg": {"weight": 4097, "depth": 1989, "valid": false, "epsilon": 0.9965945025541231}, "mst_rpcg": {"weight": 4072, "depth": 2585, "valid": false, "epsilon": 0.9905132571150571}, "primc": {"weight": 4316, "depth": 1854, "valid": true, "epsilon": 1.0498662126003406}, "primpred": {"weight": 4316, "depth": 1854, "valid": true, "epsilon": 1.0498662126003406}, "revdelpr": {"weight": 4111, "depth": 1869, "valid": true, "epsilon": 1.0}, "best_weight": 4111, "c": 1905, "root": 0}, "3": {"spt": {"weight": 7906, "depth": 438, "valid": true, "epsilon": 1.0666486778197517}, "mst": {"weight": 7406, "depth": 582, "valid": false, "epsilon": 0.999190501888829}, "mst_rp": {"weight": 7412, "depth": 475, "valid": true, "epsilon": 1.0}, "mst_rpe": {"weight": 7412, "depth": 475, "valid": true, "epsilon": 1.0}, "mst_rpsp": {"weight": 7412, "depth": 475, "valid": true, "epsilon": 1.0}, "mst_rpc": {"weight": 7412, "depth": 475, "valid": true, "epsilon": 1.0}, "mst_rpg": {"weight": 7412, "depth": 475, "valid": true, "epsilon": 1.0}, "mst_rpeg": {"weight": 7412, "depth": 475, "valid": true, "epsilon": 1.0}, "mst_rpspg": {"weight": 7412, "depth": 475, "valid": true, "epsilon": 1.0}, "mst_rpcg": {"weight": 7412, "depth": 475, "valid": true, "epsilon": 1.0}, "primc": {"weight": 7406, "depth": 582, "valid": false, "epsilon": 0.999190501888829}, "primpred": {"weight": 7559, "depth": 454, "valid": true, "epsilon": 1.0198327037236914}, "revdelpr": {"weight": 7412, "depth": 475, "valid": true, "epsilon": 1.0}, "best_weight": 7412, "c": 485, "root": 0}, "4": {"spt": {"weight": 5599, "depth": 491, "valid": true, "epsilon": 1.3848627256987385}, "mst": {"weight": 3941, "depth": 638, "valid": false, "epsilon": 0.9747712094978976}, "mst_rp": {"weight": 3983, "depth": 638, "valid": false, "epsilon": 0.9851595349987633}, "mst_rpe": {"weight": 3992, "depth": 608, "valid": false, "epsilon": 0.9873856047489488}, "mst_rpsp": {"weight": 3950, "depth": 591, "valid": false, "epsilon": 0.9769972792480831}, "mst_rpc": {"weight": 3941, "depth": 638, "valid": false, "epsilon": 0.9747712094978976}, "mst_rpg": {"weight": 3983, "depth": 638, "valid": false, "epsilon": 0.9851595349987633}, "mst_rpeg": {"weight": 3984, "depth": 608, "valid": false, "epsilon": 0.9854068760821172}, "mst_rpspg": {"weight": 3942, "depth": 591, "valid": false, "epsilon": 0.9750185505812515}, "mst_rpcg": {"weight": 3941, "depth": 638, "valid": false, "epsilon": 0.9747712094978976}, "primc": {"weight": 4278, "depth": 550, "valid": true, "epsilon": 1.0581251545881771}, "primpred": {"weight": 4278, "depth": 550, "valid": true, "epsilon": 1.0581251545881771}, "revdelpr": {"weight": 4043, "depth": 550, "valid": true, "epsilon": 1.0}, "best_weight": 4043, "c": 550, "root": 0}}